prompt,targetAgeGroup,genderIdentity,educationBackground,targetProfession,digitalLiteracy,geoRegion,householdIncomeStatus,generated_response
What happens if I don't pay the Dartford Crossing charge on time?,26-45,male,secondary,student,medium,Wales,above moderate,Output Output Output
Can I use SMI to cover missed mortgage payments or insurance costs?,26-45,female,secondary,retail,low,Scotland,above moderate,Output Output Output
How do I find out which council in Wales handles Housing Benefit applications?,18-25,male,secondary,retail,high,Wales,above moderate,Output Output Output
Can I apply for a Vaccine Damage Payment on behalf of my adult child who is severely disabled due to a vaccination?,65+,female,secondary,retail,high,Wales,above moderate,Output Output Output
What should I do if I receive a fine for a vehicle defect during a roadside check?,under18,male,tertiary,student,high,Scotland,moderate,Output Output Output
"If I want to take the Help to Build: Equity Loan after finishing my home, what is the process and what fees or interest will I have to pay?",46-65,male,tertiary,nurse,low,England,above moderate,Output Output Output
"I'm disabled and need to make some changes to my home, like widening doors and installing a stairlift. How do I apply for a Disabled Facilities Grant?",46-65,male,tertiary,retired,high,Wales,moderate,Output Output Output
"I'm an EU citizen living outside the UK and I want to work here. Do I need to apply for a Frontier Worker permit or a different visa, and what are the differences between them?",26-45,male,tertiary,student,low,England,moderate,Output Output Output
Where can I find information about the Blue Badge scheme in Scotland?,under18,female,secondary,teacher,medium,Scotland,above moderate,Output Output Output
What should I do if I think a teacher is in immediate danger?,18-25,female,tertiary,retired,low,England,moderate,Output Output Output
"I'm a retired woman in Scotland and I want to start a small business. Do I need to appoint a company secretary, and what are my responsibilities as a director?",65+,female,tertiary,retired,medium,Scotland,above moderate,Output Output Output
I have a disability and need extra help during a flood. How can I request this support?,26-45,male,secondary,retail,high,England,above moderate,Output Output Output
How can I find out more about the Blue Badge scheme in Scotland?,26-45,female,secondary,teacher,medium,Scotland,above moderate,Output Output Output
How do I get help with travel costs related to my disability for studying?,26-45,female,tertiary,retail,low,Wales,moderate,Output Output Output
I'm running a small charity in Wales and I've been told I might need to file a tax return. What do I need to do and when should I submit it?,26-45,female,secondary,student,low,Wales,above moderate,Output Output Output
I need to understand what Corporation Tax is and how it applies to my business. What are the key points I should know?,65+,female,tertiary,teacher,high,England,moderate,Output Output Output
"If I receive Pension Credit, what other benefits or discounts am I entitled to and how do I apply for them?",46-65,male,tertiary,retired,high,Scotland,above moderate,Output Output Output
I'm a nurse and I need to know how to calculate statutory maternity pay for an employee who has a very premature birth. What steps should I follow?,46-65,male,secondary,nurse,low,Scotland,above moderate,Output Output Output
Are there any special considerations for seasonal agricultural work in Wales?,26-45,male,secondary,retired,medium,Wales,above moderate,Output Output Output
"I received a letter inviting me to take a National Driver Offender Retraining Scheme course. How do I book and pay for the course, and what should I do before starting?",46-65,male,tertiary,student,medium,Scotland,above moderate,Output Output Output
I want to learn to tow a trailer. What are the steps I need to follow?,under18,male,secondary,nurse,high,Scotland,above moderate,Output Output Output
I need to apply for a needs assessment by social services for my disabled relative. How do I go about doing this and what information will I need to provide?,65+,female,tertiary,teacher,low,England,moderate,Output Output Output
"If I buy a property with a structure on the River Thames, do I need to apply for a licence and what are the implications if I don't?",65+,male,secondary,teacher,medium,England,moderate,Output Output Output
I'm a migrant in the UK without permission to stay and I want to return home. How can I get help with travel documents and financial support?,65+,male,tertiary,student,high,England,moderate,Output Output Output
I recently divorced and want to revert to my original name. Do I need a deed poll to update my documents and what proof do I need to show?,46-65,female,tertiary,retired,medium,England,above moderate,Output Output Output
What is the purpose of the D9 form?,under18,male,tertiary,student,medium,Wales,moderate,Output Output Output
"I'm a teacher earning around Â£25,000 a year. How do I calculate how much Income Tax I should pay this tax year?",46-65,male,secondary,teacher,low,England,moderate,Output Output Output
"I live in a council home in Wales and I'm considering buying it. Can I apply for the Right to Buy scheme with my spouse, who also lives with me but isn't part of the same tenancy?",65+,male,secondary,retired,high,Wales,above moderate,Output Output Output
What happens after I am approved as an appointee for someone receiving State Pension?,26-45,male,secondary,retail,high,Wales,moderate,Output Output Output
I'm a small business owner in Scotland and I've been waiting for a payment from a client for over 60 days. What steps should I take to recover the debt and claim any interest accrued?,26-45,female,tertiary,retail,medium,Scotland,above moderate,Output Output Output
How can I find out if there is support for school uniform costs in Scotland?,26-45,female,tertiary,teacher,low,England,above moderate,Output Output Output
I run a community amateur sports club in Wales and we recently started renting out our facilities for events. Do I need to pay tax on this income and what steps should I take to ensure compliance with HMRC regulations?,65+,female,secondary,retail,medium,Wales,moderate,Output Output Output
I'm the spouse of an armed forces member posted abroad and want to register to vote. What steps should I follow?,26-45,male,tertiary,retired,medium,Wales,moderate,Output Output Output
What documents do I need to bring to the Post Office for the criminal record check?,18-25,female,secondary,student,low,Wales,moderate,Output Output Output
Where can I find information about the licensing status of a company that operates buses in Wales?,under18,male,tertiary,retired,high,Wales,moderate,Output Output Output
I want to find out more about renting a council garage. How can I get information on this in Scotland?,under18,female,secondary,retired,medium,Scotland,moderate,Output Output Output
"After submitting my citizenship application, what should I expect and how long will it take to get a decision?",26-45,female,secondary,student,low,Wales,moderate,Output Output Output
I need to guide a student who has received poor exam results. How can I help them access the National Careers Service Exam Results Helpline?,26-45,female,secondary,teacher,high,England,moderate,Output Output Output
What happens if I don't respond to the single justice procedure notice within 21 days?,46-65,female,secondary,teacher,high,Scotland,moderate,Output Output Output
I'm a UK resident and I've recently moved house. How do I update my address for my National Insurance number?,65+,male,secondary,retail,medium,England,moderate,Output Output Output
What documents do I need to bring to a number plate supplier in Wales?,under18,male,secondary,teacher,high,Wales,above moderate,Output Output Output
I'm starting a new business in West Yorkshire and I need support for growth. What kind of assistance can I get?,65+,male,secondary,retail,low,England,moderate,Output Output Output
"If I work irregular hours, how do I calculate my statutory holiday entitlement?",26-45,male,secondary,student,low,Scotland,above moderate,Output Output Output
I'm 17 and I'm homeless. What can I expect from the council's Children's Services?,18-25,male,tertiary,student,low,England,moderate,Output Output Output
How much does it cost to apply for administrative restoration of a dissolved company?,26-45,male,secondary,nurse,low,Scotland,moderate,Output Output Output
I'm a teacher and I need to explain the seat belt law to my students. What are the key points I should cover?,46-65,male,tertiary,teacher,low,Wales,moderate,Output Output Output
Can I apply for funding if I'm planning a project that involves setting up a charity?,26-45,male,tertiary,retail,medium,Scotland,above moderate,Output Output Output
"I've tried talking to my manager about a problem at work, but I'm still not happy. What steps should I take to formally raise a grievance?",46-65,female,secondary,student,low,Wales,moderate,Output Output Output
I'm a retired person in Scotland and I've left the UK for more than 3 months. What do I need to do to ensure I'm not accruing arrears on my student loan?,65+,male,secondary,retired,low,Scotland,above moderate,Output Output Output
"As a teacher in Wales, I'm considering employing an apprentice. What are the key responsibilities I have towards the apprentice once they are hired?",46-65,female,tertiary,teacher,high,Wales,above moderate,Output Output Output
I need to pay the HGV levy before entering the UK. What are the steps to complete the payment and what information do I need to provide?,46-65,male,tertiary,nurse,high,Scotland,above moderate,Output Output Output
I'm 65 and need help with my tax return because I don't speak English well. What options are available for getting support with this?,65+,male,secondary,retired,medium,Wales,moderate,Output Output Output
"I've heard that some company benefits are tax-free, such as childcare and canteen meals. How can I confirm if my employer is correctly categorizing these benefits and what should I do if they aren't?",26-45,female,tertiary,student,high,Wales,above moderate,Output Output Output
I want to pay for the Driver CPC training records for my students. What are the payment options and how do I set up a pre-funded account?,46-65,female,secondary,retired,medium,England,moderate,Output Output Output
I'm an MOT tester and need to record the results of an MOT test I did. How do I access the service and what do I need to log in?,65+,female,secondary,retired,low,England,moderate,Output Output Output
Are there different services for checking flooding in different parts of the UK?,26-45,male,secondary,retired,high,England,moderate,Output Output Output
I found some coins on the beach. How do I know if they're treasure and what should I do next?,65+,male,secondary,retail,high,Scotland,moderate,Output Output Output
I have a medical condition that affects my eyesight and I'm worried about whether I can still drive. What steps should I take to inform the DVLA and ensure my licence remains valid?,26-45,male,secondary,teacher,medium,England,moderate,Output Output Output
"Can I get help paying for childcare provided by a relative, like my sister, and what are the conditions for this?",46-65,female,tertiary,retired,low,England,moderate,Output Output Output
Can I get help deciding which HGV driver training course to choose in Wales?,26-45,male,tertiary,nurse,medium,Wales,above moderate,Output Output Output
I'm a nurse in Wales and I want to expand my business in scientific research and development. What resources are available to help me grow my business?,26-45,male,tertiary,nurse,low,Wales,above moderate,Output Output Output
I have a criminal record and am in immigration detention. How does this affect my chances of getting bail?,26-45,male,tertiary,retail,medium,Scotland,moderate,Output Output Output
I'm worried about a friend who might be getting forced into a marriage. What should I do to help them and report this to the authorities?,26-45,female,secondary,student,high,Wales,above moderate,Output Output Output
I'm looking to hire someone for a position that requires occasional travel. How can I ensure I'm not unfairly excluding disabled applicants?,46-65,male,secondary,student,medium,England,moderate,Output Output Output
"If I'm a disabled candidate running for a parliamentary seat, can I get financial assistance for disability-related expenses through the EnAble Fund for Elected Office?",46-65,female,secondary,student,high,Scotland,above moderate,Output Output Output
I need to apply for school transport for my child who has special educational needs and disabilities. What steps should I follow to ensure the transport provided meets their specific requirements?,26-45,female,secondary,student,high,Wales,moderate,Output Output Output
What happens after I submit an appeal for a late filing penalty and how should I handle communication if I haven't paid the penalty yet?,26-45,female,tertiary,teacher,high,England,moderate,Output Output Output
"I want to apply for funding for my community project, which includes a street party. How can I find out if my local council offers such support?",46-65,male,tertiary,teacher,medium,Scotland,above moderate,Output Output Output
I'm a carer looking after my elderly relative with a severe disability. What support am I eligible for and how do I apply for Carer's Allowance?,65+,female,secondary,teacher,high,Wales,moderate,Output Output Output
Can I keep my engine running and doors locked while being stopped by a DVSA officer?,under18,male,tertiary,retired,high,England,above moderate,Output Output Output
I'm 65 and living in Wales. How do I apply for my State Pension if I've worked abroad?,65+,female,secondary,retired,low,Wales,above moderate,Output Output Output
How can I renew my photocard driving licence online?,26-45,male,tertiary,nurse,medium,England,moderate,Output Output Output
What are the circumstances that could change my Council Tax band?,26-45,male,tertiary,student,low,Wales,moderate,Output Output Output
I'm moving my personal belongings to the UK from outside the EU and I want to know if I can claim 'transfer of residence' (ToR) relief on tax and duty. How do I apply for this relief?,65+,male,tertiary,nurse,high,England,moderate,Output Output Output
What documents do I need to provide if I'm applying for a criminal record check and I'm not a UK or EEA national?,26-45,male,tertiary,nurse,high,England,moderate,Output Output Output
What should I do if there are issues with the cleanliness of the park?,26-45,male,tertiary,nurse,low,Scotland,above moderate,Output Output Output
How do I request a printed National Insurance statement if I live abroad and what information do I need to provide?,26-45,male,secondary,nurse,low,Scotland,moderate,Output Output Output
I'm a nurse looking to export some antique medical instruments from the UK to a museum in France. What steps do I need to take to get the necessary export licence and ensure everything goes smoothly?,65+,male,secondary,nurse,high,England,moderate,Output Output Output
I'm a nurse planning to take some antiques from Northern Ireland to Germany. What export licence do I need and how does the process differ from exporting from England?,46-65,male,secondary,nurse,high,England,moderate,Output Output Output
What should I do if I need to find a theory test centre in Northern Ireland instead of Scotland?,26-45,female,secondary,student,low,Scotland,above moderate,Output Output Output
"I'm a 65-year-old man in Wales who recently became a father. How do I apply for paternity pay and leave, and what are the rules around when I can start my leave?",65+,male,tertiary,retail,medium,Wales,above moderate,Output Output Output
I have a medical condition that affects my ability to drive. How do I apply for a Blue Badge and what support is available for travel?,46-65,male,tertiary,student,low,Scotland,above moderate,Output Output Output
I need to contact DVLA to renew my driving licence. How do I find the correct contact details and what information should I prepare?,under18,male,secondary,retired,high,Scotland,above moderate,Output Output Output
I need to apply for a Voter Authority Certificate because I don't have accepted photo ID. What steps should I follow to complete the application process?,46-65,female,secondary,retired,high,England,above moderate,Output Output Output
"As a teacher in Scotland, I've been given a warning for missing a deadline. What are my rights regarding this disciplinary action?",under18,female,tertiary,teacher,medium,Scotland,above moderate,Output Output Output
I want to find a driving test centre near me. How do I use my postcode to locate one and what information should I look for?,under18,male,secondary,student,high,England,above moderate,Output Output Output
I need to calculate the taxable value of a company car provided to one of my employees. How do I determine the taxable value using the HMRC calculator and what information do I need to input?,46-65,female,tertiary,student,medium,Wales,above moderate,Output Output Output
I have a relative with a mental disability and I'm concerned about them getting a passport. How can I prevent that?,65+,female,tertiary,retired,low,Scotland,above moderate,Output Output Output
I'm 68 and have a mobility issue that makes it hard to move around my home. How do I apply for a Disabled Facilities Grant and what changes can I get funded?,65+,female,secondary,nurse,low,England,above moderate,Output Output Output
I run a limited company and recently changed my business address. How do I inform HMRC about this change and ensure all my tax details are updated?,26-45,female,tertiary,retired,high,Wales,moderate,Output Output Output
I'm 65 and need to take time off work because my child is unwell. How do I request this time off and what should I expect from my employer?,65+,male,secondary,student,low,Wales,moderate,Output Output Output
I want to import a vehicle from the EU and have it approved for use in the UK. What steps do I need to follow?,26-45,male,tertiary,retail,medium,Wales,moderate,Output Output Output
I run a small retail business in Scotland and I've heard about the Annual Accounting Scheme for VAT. How does it work and what are the key differences compared to submitting VAT returns four times a year?,26-45,male,secondary,retail,medium,Scotland,above moderate,Output Output Output
I am a carer in Scotland and receive Carer's Allowance. What happens if I move to England or Wales?,65+,female,tertiary,nurse,low,Scotland,above moderate,Output Output Output
How can I find information about schools in England and compare their performance?,under18,female,secondary,nurse,high,Wales,above moderate,Output Output Output
I need to take time off work to care for my elderly mother who has a long-term illness. How do I apply for unpaid carer's leave and what are the rules about how long I can take it?,46-65,female,secondary,teacher,low,Scotland,moderate,Output Output Output
How do I check if a vehicle has an MOT?,26-45,female,secondary,teacher,medium,England,above moderate,Output Output Output
"How can I check if my degree is officially recognised, regardless of where I study?",26-45,female,tertiary,retired,low,Wales,above moderate,Output Output Output
I'm concerned about my child being placed in care without a care order. What does that mean for their upbringing and my role as a parent?,46-65,female,tertiary,student,low,England,above moderate,Output Output Output
I am planning to drive in Great Britain with my non-GB driving licence. What should I know?,18-25,female,secondary,teacher,low,Scotland,above moderate,Output Output Output
